Model,Accuracy,F1-Score,Precision,Recall,AUC,Preprocessing
XGBoost (Combo 12),0.9412477286493035,0.9401049706699599,0.9587531486146096,0.922168382798304,0.9824641454016636,Combo 12
